{"cameraMode":{"drawMode":0,"name":"Shaded","section":"Shading Mode"},"sceneLighting":true,"audioPlay":false,"sceneViewState":{"m_AlwaysRefresh":false,"showFog":true,"showSkybox":true,"showFlares":true,"showImageEffects":true,"showParticleSystems":true,"showVisualEffectGraphs":true,"m_FxEnabled":true},"in2DMode":false,"pivot":{"x":508.062744140625,"y":268.3778076171875,"z":-17.066925048828126},"rotation":{"x":-0.18079836666584016,"y":-0.01121476013213396,"z":0.0020615675020962955,"w":-0.9834564924240112},"size":498.2282409667969,"orthographic":false}